{
	"class_name" : "ViewTrajectory",
	"interval" : 29,
	"is_loop" : false,
	"trajectory" :
	[
		{
			"boundingbox_max" : [ 7.56604336999278, 17.197860619424542, 101.3403730633147 ],
			"boundingbox_min" : [ -35.819169383156144, -0.17999999999999999, -0.17999999999999999 ],
			"field_of_view" : 60.0,
			"front" : [ 0.18326200736384515, -0.0068059546596709996, -0.98304054628389803 ],
			"lookat" : [ -9.7805503273483474, -2.6972737649524254, 53.148504686144037 ],
			"up" : [ 0.0083979155472340555, -0.99992870809337964, 0.0084884477477445205 ],
			"zoom" : 0.33999999999999969
		}
	],
	"version_major" : 1,
	"version_minor" : 0
}